{"cameraMode":{"drawMode":0,"name":"Shaded","section":"Shading Mode"},"sceneLighting":true,"audioPlay":false,"sceneViewState":{"m_AlwaysRefresh":false,"showFog":true,"showSkybox":true,"showFlares":true,"showImageEffects":true,"showParticleSystems":true,"showVisualEffectGraphs":true,"m_FxEnabled":true},"in2DMode":false,"pivot":{"x":-15.933347702026368,"y":5.974728107452393,"z":12.112669944763184},"rotation":{"x":0.05518201366066933,"y":-0.6474608182907105,"z":0.047094300389289859,"w":0.7586442828178406},"size":12.661931037902832,"orthographic":false}