{"cameraMode":{"drawMode":0,"name":"Shaded","section":"Shading Mode"},"sceneLighting":true,"audioPlay":false,"sceneViewState":{"m_AlwaysRefresh":false,"showFog":true,"showSkybox":true,"showFlares":true,"showImageEffects":true,"showParticleSystems":true,"showVisualEffectGraphs":true,"m_FxEnabled":true},"in2DMode":false,"pivot":{"x":8.743513107299805,"y":2.115013599395752,"z":27.034801483154298},"rotation":{"x":-0.020703520625829698,"y":0.02249305136501789,"z":-0.0004660066915675998,"w":-0.999557375907898},"size":20.027605056762697,"orthographic":false}