{"cameraMode":{"drawMode":0,"name":"Shaded","section":"Shading Mode"},"sceneLighting":false,"audioPlay":false,"sceneViewState":{"m_AlwaysRefresh":false,"showFog":false,"showSkybox":false,"showFlares":false,"showImageEffects":false,"showParticleSystems":false,"showVisualEffectGraphs":true,"m_FxEnabled":true},"in2DMode":false,"pivot":{"x":-0.6129545569419861,"y":0.4598252773284912,"z":-2.1406452655792238},"rotation":{"x":0.002964428858831525,"y":0.9943218231201172,"z":-0.1017855852842331,"w":0.02953234314918518},"size":2.1569948196411135,"orthographic":false}